Avg_Fscore	hidden_dim	input_function	output_function	optimizer	learning_rate	output_dim	input_dim	hidden_layers	Epochs Run	Fscore	Time_taken	GUID
0,9624885121068327	 190	 softmax	 relu	 Adam/lr	 0.0381	 2	 300	 (Dense;34.000000,linear);(LeakyReLU;24.000000,relu);(Dropout;0.300000,);(Dense;2.000000,softmax)	 6	 [0.96;0.96]	 1.2068941593170166	f4ba2b59-a1da-41b2-b3dd-d8aaf491e039	
0,96999699969997	 488	 relu	 relu	 Adam/lr	 0.0045	 2	 300	 (Dense;284.000000,linear);(LeakyReLU;19.000000,relu);(Dropout;0.300000,);(Dense;2.000000,softmax)	 6	 [0.97;0.97]	 1.3683128356933594	6a4c3b30-e95d-4853-a37b-fe55d6a7fb71	
0,9649921232277263	 72	 relu	 relu	 Adam/lr	 0.0702	 2	 300	 (Dense;33.000000,linear);(LeakyReLU;104.000000,softmax);(Dropout;0.400000,);(Dense;2.000000,softmax)	 6	 [0.96;0.97]	 0.8687727451324463	d1668374-6fe1-4955-bf43-1f26f18b72b1	
0,9044626021370207	 203	 softmax	 relu	 Adam/lr	 0.0245	 2	 300	 (Dense;102.000000,linear);(LeakyReLU;147.000000,softmax);(Dropout;0.000000,);(Dense;2.000000,softmax)	 6	 [0.9 ;0.91]	 1.253798007965088	602ace43-aa37-4ecd-81f1-c413844ecfad	
0,949954959463517	 91	 relu	 softmax	 Adam/lr	 0.032	 2	 300	 (Dense;183.000000,linear);(LeakyReLU;209.000000,softmax);(Dropout;0.000000,);(Dense;2.000000,softmax)	 6	 [0.95;0.95]	 1.1393678188323975	7c9e7170-f6ee-4728-90ae-6c01f10b6e6c	
0,9674754032737256	 445	 relu	 relu	 Adam/lr	 0.0759	 2	 300	 (Dense;37.000000,linear);(LeakyReLU;212.000000,softmax);(Dropout;0.400000,);(Dense;2.000000,softmax)	 6	 [0.97;0.97]	 1.154987096786499	7ba48555-9286-48fb-ad0d-0823ca778532	
0,8424753867791842	 45	 relu	 relu	 SGD/lr	 0.0057	 2	 300	 (Dense;111.000000,linear);(LeakyReLU;186.000000,softmax);(Dropout;0.300000,);(Dense;2.000000,softmax)	 6	 [0.84;0.84]	 1.1288177967071533	bef45824-6094-48e6-9d6c-e27f76754fcf	
0,9549718574108819	 29	 relu	 softmax	 Adam/lr	 0.0622	 2	 300	 (Dense;151.000000,linear);(LeakyReLU;237.000000,softmax);(Dropout;0.500000,);(Dense;2.000000,softmax)	 6	 [0.95;0.96]	 1.238210916519165	7d4c1b70-b406-4b64-97dc-944fba3f875b	
0,929857962373807	 87	 softmax	 relu	 Adam/lr	 0.089	 2	 300	 (Dense;143.000000,linear);(LeakyReLU;60.000000,relu);(Dropout;0.400000,);(Dense;2.000000,softmax)	 6	 [0.93;0.93]	 1.2846248149871826	87f9e944-8a21-4311-94f4-c24d417497fe	
